Name,Slug,Price,Regular Price,Stock,Categories,Tags,Registro INVIMA,Contraindicaciones,Beneficios,Width,Height,Depth,Attributes,Modo de Uso,Description
"Biotina + Zinc 60 softgels","biotina-zinc-60-softgels","20000","20000","100","","",,,,,,,"","","Descripción pendiente de actualizar."
"Calmazinc + Vitamina D 60 Tab","calmazinc-vitamina-d-60-tab","20000","20000","100","","",,,,,,,"","","Descripción pendiente de actualizar."
"Coffe Boost","coffe-boost","20000","20000","100","","",,,,,,,"","","Descripción pendiente de actualizar."
"Colageno Hidrolizado Marino","colageno-hidrolizado-marino","20000","20000","100","","",,,,,,,"","","Descripción pendiente de actualizar."
"Combo 3","combo-3","20000","20000","100","","",,,,,,,"","","Descripción pendiente de actualizar."
"Combo 4","combo-4","20000","20000","100","","",,,,,,,"","","Descripción pendiente de actualizar."
"Combo 5","combo-5","20000","20000","100","","",,,,,,,"","","Descripción pendiente de actualizar."
"Combo 7","combo-7","20000","20000","100","","",,,,,,,"","","Descripción pendiente de actualizar."
"Gingko Biloba 60 Softgels","gingko-biloba-60-softgels","20000","20000","100","","",,,,,,,"","","Descripción pendiente de actualizar."
"Omega 3+6+9","omega-3-6-9","20000","20000","100","","",,,,,,,"","","Descripción pendiente de actualizar."
"Vitamina E + Selenium 60 Softgels","vitamina-e-selenium-60-softgels","20000","20000","100","","",,,,,,,"","","Descripción pendiente de actualizar."
"Vitamina E + Selenium 90 Softgels","vitamina-e-selenium-90-softgels","20000","20000","100","","",,,,,,,"","","Descripción pendiente de actualizar."
"Vitamina E 60 Softgels","vitamina-e-60-softgels","20000","20000","100","","",,,,,,,"","","Descripción pendiente de actualizar."
"Vitamina E 90 Softgels","vitamina-e-90-softgels","20000","20000","100","","",,,,,,,"","","Descripción pendiente de actualizar."
"MELATONIN NATURAL NUTRITION - x60","melatonin-natural-nutrition-x60","45080",,"100","","",,,,,,,"Cantidad: x60","","Frasco por 60 CÁPSULAS"
"Calostro Bovino - x60","calostro-bovino-x60","57960",,"100","","",,,,,,,"Cantidad: x60","","Frasco X 60 CAPSULAS"
"Vitamina C Masticable","vitamina-c-masticable","0",,"100","","",,,,,,,"Cantidad: x100","","Suplemento de Vitamina C masticable. La vitamina C masticable en tableta, contribuye al funcionamiento normal del sistema inmune, disminuyendo los síntomas de la gripa, tiene propiedades antioxidantes y contribuye al metabolismo energético, ayuda a fortalecer las defensas del organismo y protege a las celulas frente al daño oxidativo.
\n
\n&nbsp;
\n
\n&nbsp;
\n
\n   "
"BIOTINA 900 mcg + COLAGENO 200 mg","biotina-900-mcg-colageno-200-mg","0",,"100","","","SD2020-0004523","No consumir en estado de Embarazo y lactancia, ni niños menores de 12 años.","Ayuda a mejorar las estructuras del cabello, uñas y piel.","5.8 cms",,"11.0 cms","Cantidad: x60, x90, x120","","El colágeno es una proteína esencial para el cuerpo humano, ayuda a la regeneración de las articulaciones, tejidos, cabello, piel y uñas. Mientras que la Biotina es una vitamina del complejo B que ayuda a estimular el foliculo piloso dando crecimiento, evita alopecia, fortalece las uñas y evita las escamasiones de las uñas.
\n
\nNatural Nutrition creó la fórmula de Colagenó 200 mg + Biotina 900 mcg, buscando fortalecer por completo las uñas, el cabello y las articulaciones, logrando no sólo los beneficios de uno de los componentes sino una fórmula completa para tu cuerpo.
\n
\n&nbsp;
\n
\n
\n
\nTAMAÑO (S)
\nFrasco x 60 softgel
\n
\n
\nMETA DESCRIPCIÓN
\nTu piel, tu cabello, tus uñas y tu cuerpo en general, agradecerán el consumir este maravilloso producto.
\n
\n
\nDESCRIPCIÓN CORTA
\nLa biotina + colágeno de Natural Nutrition, es una combinacion perfecta para ayudar a mejorar tu piel, fortalecer tus uñas y restaurar tu cabello
\n
\n
\nMODO DE USO
\nTomar una cápsula diaria, preferiblemente en la noche.
\n
\n
\nCONTRAINDICACIONES
\nNo consumir en estado de Embarazo y lactancia, ni niños menores de 12 años.
\n
\n
\nSUMMARY
\nSabías que desde los 25 años empezamos a perder colágeno, y nuestro cabello empieza a perder grosor, esto lo puedes ayudar a prevenir con el Colágeno + Biotina de Natural Nutrition
\n
\n
\nBENEFICIOS
\nAyuda a mejorar las estructuras del cabello, uñas y piel.
\n
\n
\nREGISTRO INVIMA
\nSD2020-0004523
\n
\n
\nPRESENTACIÓN DEL PRODUCTO
\nFrasco oscuro para evitar ser afectado por los rayos uv.
\n
\n
\nPROFUNDIDAD ITEM
\n11.0 cms
\n
\n
\nANCHO ITEM
\n5.8 cms
\n
\n
\nALTURA ITEM
\n11.0 cms
\n
\n
\n
\n&nbsp;
\n
\nFotos Colágeno + Biotina Natural Nutrition
\n
\n
\n
\n
\n
\n&nbsp;
\n
\n
\nPorque tu salud merece lo mejor."
"BIOTINA 900 mcg + COLAGENO 200 mg - x60","biotina-900-mcg-colageno-200-mg-x60","47250",,"100","","",,,,,,,"Cantidad: x60","","Frasco x 60"
"Vitagomitas For Kids - x60","vitagomitas-for-kids-x60","32200",,"100","","",,,,,,,"Cantidad: x60","","Frasco X 60 gomitas"
"Vitamina E 1000 UI Plus Zinc","vitamina-e-1000-ui-plus-zinc","0",,"100","","","RSD2017-0000097-R1","No consumir en estado de Embarazo ni lactancia ni menores de 12 años.","Antioxidante natural y potente que logra actuar contra los radicales libres.","5.8 cms",,"11.0 cms","Cantidad: blister 30, frasco 60, frasco 90","","VITAMINA E 1000 UI plus ZINC NATURAL NUTRITION
\n
\nLa vitamina E: Es un nutriente liposoluble presente en muchos alimentos. En el cuerpo, actúa como antioxidante, al ayudar a proteger las células contra los daños causados por los radicales libres.
\n
\nEl Zinc es un mineral que fortalece el sistema inmunológico. Esta combinación con Vitamina E + Zinc nos ayuda a:
\n
\n 	Mejorar las defensas para que nuestro organismo funcione adecuadamente.
\n 	Antioxidante, ayuda al cuerpo a neutralizar y a destruir los radicales libres.
\n 	La vitamina E previene el envejecimiento prematuro.
\n
\n&nbsp;
\n
\n&nbsp;
\n
\n
\n
\nTAMAÑO (S)
\nBlister x 30 softgels, Frasco x 60 y 90 softgels
\n
\n
\nMETA DESCRIPCIÓN
\nMejora las defensas de nuestro organismo, con esta fórmula  Vitamina E 1.000 + ZINC
\n
\n
\nDESCRIPCIÓN CORTA
\nAyuda a reducir los radicales libres con esta combinación de Vitamina E + ZINC de NATURAL NUTRITION.
\n
\n
\nMODO DE USO
\nTomar una softgel al día.
\n
\n
\nCONTRAINDICACIONES
\nNo consumir en estado de Embarazo ni lactancia ni menores de 12 años.
\n
\n
\nSUMMARY
\nLa VITAMINA E es ideal para pacientes con patologías que requieran grandes cantidades de beneficios debido a su concentración en 1.000 IU y combinación con ZINC.
\n
\n
\nBENEFICIOS
\nAntioxidante natural y potente que logra actuar contra los radicales libres.
\n
\n
\nREGISTRO INVIMA
\nRSD2017-0000097-R1
\n
\n
\nPRESENTACIÓN DEL PRODUCTO
\nFrasco oscuro para evitar ser afectado por los rayos uv.
\n
\n
\nPROFUNDIDAD ITEM
\n11.0 cms
\n
\n
\nANCHO ITEM
\n5.8 cms
\n
\n
\nALTURA ITEM
\n11.0 cms
\n
\n
\n
\n&nbsp;
\n
\n&nbsp;
\n
\n
\nPorque tu salud merece lo mejor
\n&nbsp;
\n
\nQuizá también te interese: Vitamina E 400 IU"
"Vitamina E 1000 UI Plus Zinc - frasco 60","vitamina-e-1000-ui-plus-zinc-frasco-60","54096",,"100","","",,,,,,,"Cantidad: frasco 60","",""
"Vitamina E 1000 UI Plus Zinc - blister 30","vitamina-e-1000-ui-plus-zinc-blister-30","28000",,"100","","",,,,,,,"Cantidad: blister 30","",""
"Biotina 900 mcg + Zinc","biotina-900-mcg-zinc","0",,"100","","","SD2017-0003989","No consumir en estado de Embarazo, lactancia ni niños menores de 12 años.","La formula de Natural Nutrition de Biotina + Zinc ayuda al fortalecimiento del foliculo piloso y de uñas quebradisas
\n
\n• Coayuda a evitar la caida del cabello o alopecia
\n• Fortalece las uñas, ayudando a que no sean quebradizas","5.8 cms",,"11.0 cms","Cantidad: 60, 90, 120","","La Biotina es una vitamina del complejo B que ayuda a estimular el foliculo piloso dando crecimiento, evita alopecia, fortalece las uñas y evita las escamasiones de las uñas. El Zinc es un mineral esencial que nos ayuda a fortalecer el sistema inmune a través del aumento de las defensas del cuerpo humano.
\n
\nEl producto Biotina + Zinc de Natural Nutrition nos aporta beneficios como:
\n
\n• Coayuda a evitar la caida del cabello o alopecia
\n• Fortalece las uñas, ayudando a que no sean quebradizas
\n
\n
\n
\nTAMAÑO (S)
\nFrasco x 60 , 90 y 120  softgel
\n
\n
\nMETA DESCRIPCIÓN
\nTu cuerpo, tu cabello y tus uñas agradecerán los beneficios de la Biotina + Zinc de Natural Nutritrion
\n
\n
\nDESCRIPCIÓN CORTA
\nLa fórmula de Natural Nutrition del zinc combinado con la Biotina ayuda a prevenir la caída del cabello y fortalece las uñas.
\n
\n
\nMODO DE USO
\nTomar una softgel al día preferiblemente en la noche.
\n
\n
\nCONTRAINDICACIONES
\nNo consumir en estado de Embarazo, lactancia ni niños menores de 12 años.
\n
\n
\nSUMMARY
\nYa conoces los beneficios de la Biotina en tu cuerpo, todo tu cabello, uñas, y piel se verán beneficiadas, y aún más con la combinación con ZINC
\n
\n
\nBENEFICIOS
\nLa formula de Natural Nutrition de Biotina + Zinc ayuda al fortalecimiento del foliculo piloso y de uñas quebradisas
\n
\n• Coayuda a evitar la caida del cabello o alopecia
\n• Fortalece las uñas, ayudando a que no sean quebradizas
\n
\n
\nREGISTRO INVIMA
\nSD2017-0003989
\n
\n
\nPRESENTACIÓN DEL PRODUCTO
\nFrasco oscuro para evitar ser afectado por los rayos uv.
\n
\n
\nPROFUNDIDAD ITEM
\n11.0 cms
\n
\n
\nANCHO ITEM
\n5.8 cms
\n
\n
\nALTURA ITEM
\n11.0 cms
\n
\n
\n
\n
\n
\n
\nPorque tu salud merece lo mejor."
"Biotina 900 mcg + Zinc - 120","biotina-900-mcg-zinc-120","90850",,"100","","",,,,,,,"Cantidad: 120","",""
"Lecitina de Soya - Soy Lecithin 1200mg - x60","lecitina-de-soya-soy-lecithin-1200mg-x60","45900",,"100","","",,,,,,,"Cantidad: x60","","Frasco por X 60 softgels
\n"
"Multivitamin With Minerals Premium","multivitamin-with-minerals-premium","0",,"100","","","SD2012-0002575",,"Mejora la funcion de los organos del cuerpo, huesos y piel.","5.8 cms",,"11.0 cms","Cantidad: x 60, x 90, blister x 30","","EL MULTIVITAMINICO CON MINERALES PREMIUM DE NATURAL NUTRITION contiene las vitaminas y minerales que necesita el organismo para un buen funcionamiento
\n
\nIdeal para tí si estás en alguna de estas categorías:
\n
\n• En los casos en que la persona siga dietas restrictivas y poco calóricas.
\n• Deportistas que practican entrenamientos de alta intensidad pueden precisar la ingesta de algún multivitamínico para mejorar su rendimiento deportivo.
\n• Mayores y adolescentes en etapa de crecimiento pueden necesitar algún suplemento multivitaminico para fortalecer los huesos.
\n
\n&nbsp;
\n
\n
\n
\nTAMAÑO (S)
\nCaja 30 Softgels - Frasco 60 y 90 softgels
\n
\n
\nMETA DESCRIPCIÓN
\nEl VITAMIN WITH MINERALS DE NATURAL NUTRITION ayudarán a suplir la deficiencia de algunas vitaminas en tu cuerpo.
\n
\n
\nDESCRIPCIÓN CORTA
\nExisten minerales y vitaminas que el cuerpo no produce, o deja de producir, con éste producto podrás complementar tu alimentación.
\n
\n
\nMODO DE USO
\nTomar una softgels diaria ideal en horario am después del desayuno.
\n
\n
\nMARCA
\nNatural Nutrition
\n
\n
\nSUMMARY
\nJusto algunas de las vitaminas y minerales que requiere tu organismo están concentrados en una softgel
\n
\n
\nBENEFICIOS
\nMejora la funcion de los organos del cuerpo, huesos y piel.
\n
\n
\nREGISTRO INVIMA
\nSD2012-0002575
\n
\n
\nPRESENTACIÓN DEL PRODUCTO
\nFrasco oscuro para evitar ser afectado por los rayos uv.
\n
\n
\nPROFUNDIDAD ITEM
\n11.0 cms
\n
\n
\nANCHO ITEM
\n5.8 cms
\n
\n
\nALTURA ITEM
\n11.0 cms
\n
\n
\n
\n&nbsp;
\n
\n&nbsp;
\n
\n&nbsp;
\n
\n&nbsp;
\n
\n
\nPorque tu salud merece lo mejor
\n&nbsp;
\n
\nQuizá también te interese: Calostro Bovino"
"Multivitamin With Minerals Premium - x 60","multivitamin-with-minerals-premium-x-60","51520",,"100","","",,,,,,,"Cantidad: x 60","","Frasco por x60softgels
\n"
"Combo 1","combo-1","20000","20000","100","","",,,,,,,"","","Descripción pendiente de actualizar."
"Combo 2","combo-2","20000","20000","100","","",,,,,,,"","","Descripción pendiente de actualizar."
"Combo 6","combo-6","20000","20000","100","","",,,,,,,"","","Descripción pendiente de actualizar."
"Korean Ginseng - (Panax Ginseng) 100 mg","korean-ginseng-panax-ginseng-100-mg","0",,"100","","korean ginseng, Natural Nutrition, productos naturales.","PFT2012-0002028","Contraindiciones y Restricciones
\n- Mujeres en estado de embarazo y lactancia
\n- Personas hipertensas.
\n- Personas con afecciones cardíacas.","Activadores de energía, para cualquier tipo de cansancio físico y mental.","5.8 cms",,"11.0 cms","Cantidad: x60","","El Korean Ginseng de NATURAL NUTRITION, es un producto fitoterapéutico a partir de un extracto de una planta afrodisiaca y milenaria. Aumenta el livido o deseo sexual tanto en hombres como mujeres adicionalmente aumenta energía y reduce los síntomas del cansancio físico y mental.
\nPrincipales Beneficios
\n
\n 	Favorece el estado de alerta y la concentración.
\n 	Coayudante en la reducción del cansancio físico y mental.
\n 	Incrementa el nivel de energía y estimula los estados de alerta.
\n 	Es recomendado en situaciones en que el organismo se ve sometido a intensas actividades físicas.
\n 	Ayuda a mejorar las funciones cerebrales, como la memoria, el comportamiento y el estado de ánimo.
\n
\n
\n
\n
\nTAMAÑO (S)
\nFrasco x 60 Cápsulas blandas (Softgels)
\n
\n
\nMETA DESCRIPCIÓN
\nTodos los beneficios del Korean Ginseng están a tu alcance. Mejorando tu concentración.
\n
\n
\nDESCRIPCIÓN CORTA
\nEs momento de eliminar el cansacio, activa todo tu cuerpo y cerebro con este producto a base de la planta milenaria.
\n
\n
\nMODO DE USO
\nTomar una capsula blanda 2 veces al día. Con el desayuno y almuerzo, no se recomienda después de las 5:00 pm.
\n
\n
\nCONTRAINDICACIONES
\nContraindiciones y Restricciones
\n- Mujeres en estado de embarazo y lactancia
\n- Personas hipertensas.
\n- Personas con afecciones cardíacas.
\n
\n
\nSUMMARY
\nPlantas Milenarias utilizadas desde hace muchos años, es utilizado como multivitaminico. Activadores de energía, aumenta la circulación, en la mañana, máximo 5 pm, puede causar insomnio si se toma en la noche
\n
\n
\nBENEFICIOS
\nActivadores de energía, para cualquier tipo de cansancio físico y mental.
\n
\n
\nREGISTRO INVIMA
\nPFT2012-0002028
\n
\n
\nPRESENTACIÓN DEL PRODUCTO
\nFrasco oscuro para evitar ser afectado por los rayos uv.
\n
\n
\nPROFUNDIDAD ITEM
\n11.0 cms
\n
\n
\nANCHO ITEM
\n5.8 cms
\n
\n
\nALTURA ITEM
\n11.0 cms
\n
\n
\n
\n&nbsp;
\n
\n
\nPorque tu salud merece lo mejor
\n&nbsp;
\n
\nQuizá también te interese: Colágeno Hidrolizado"
"MELATONIN NATURAL NUTRITION","melatonin-natural-nutrition","0",,"100","","","M2013-0014002","Consulte con su médico si está consumiendo otros medicamentos. En caso de alguna reacción consultar con su médico.","Logra conciliar el sueño y retomar tu vida con normalidad gracias a la Melatonina de Natural","5.8 cms",,"11.0 cms","Cantidad: x60, x90","","La Melatonina de NATURAL NUTRITION es una hormona natural, diseñada para regular el reloj biológico del organismo, te ayuda a conciliar el sueño de la manera más natural.
\n
\n&nbsp;
\n
\n• Hormona natural que regula el ciclo del sueño.
\n• Regula el reloj biológico del organismo, permitiendo que las personas duerman fácilmente.
\n
\n&nbsp;
\n
\n
\n
\nTAMAÑO (S)
\nFrasco x 60 cápsulas duras
\n
\n
\nMETA DESCRIPCIÓN
\nDuerme bien con la Melatonina de Natural Nutrition, concilia el sueño de manera natural.
\n
\n
\nDESCRIPCIÓN CORTA
\nNo más problemas de sueño, la melatonina es la hormona natural para poder conciliar el sueño.
\n
\n
\nMODO DE USO
\nTomar una capsula 1 hora antes de dormir.
\n
\n
\nCONTRAINDICACIONES
\nConsulte con su médico si está consumiendo otros medicamentos. En caso de alguna reacción consultar con su médico.
\n
\n
\nSUMMARY
\nSiempre será mejor para tu cuerpo asimilar un producto natural que te ayuda a conciliar el sueño.
\n
\n
\nBENEFICIOS
\nLogra conciliar el sueño y retomar tu vida con normalidad gracias a la Melatonina de Natural
\n
\n
\nREGISTRO INVIMA
\nM2013-0014002
\n
\n
\nPRESENTACIÓN DEL PRODUCTO
\nFrasco oscuro para evitar ser afectado por los rayos uv.
\n
\n
\nPROFUNDIDAD ITEM
\n11.0 cms
\n
\n
\nANCHO ITEM
\n5.8 cms
\n
\n
\nALTURA ITEM
\n11.0 cms
\n
\n
\n
\n
\n
\n
\n
\n&nbsp;
\n
\n&nbsp;
\n
\n&nbsp;
\n
\n
\nPorque tu salud merece lo mejor.
\n&nbsp;
\n
\nQuizá también te interese: Colágeno + Biotina"
"Aloe Vera + Vitamina E","aloe-vera-vitamina-e","0",,"100","","","NSOC09232-21CO","Producto cosmético, de uso tópico, no ingerir y mantener alejado de los niños.","Nutre, hidrata, antiage (Anti edad), protege y junto con la Vitamina E, repara tu dermis de los daños del sol. Uso tópico","5.8 cms",,"11.0 cms","Cantidad: x60","","ALOE VERA + VITAMINA E NATURAL NUTRITION
\n
\nEl aloe vera (sábila), es la planta más conocida como remedio natural en el mundo, es uno de los ingredientes más utilizados por la industria cosmética gracias a su capacidad para reparar, hidratar, recuperar y revitalizar desde la capa más profunda de la piel.
\n
\nEn combinación con la Vitamina E que es un antioxidante natural es la fórmula que NATURAL NUTRITION creó, que te traerá grandes beneficios cómo:
\n
\n• Mejora el proceso de cicatrización natural de tu piel.
\n• Mantiene la hidratación de la piel, evitando resequedad y atenuacion de lineas de expresión.
\n• Evita la irritación de la piel por su combinación con Vitamina E, acelera su acción celular disminuyendo las lineas de expresión prematuras propias de la edad.
\n• Protege y alivia la piel de quemaduras de sol, del frio y labios resecos o agrietados.
\n
\n&nbsp;
\n
\n
\n
\nTAMAÑO (S)
\nFrasco x 60 cápsulas (perlas) de uso Tópico
\n
\n
\nMETA DESCRIPCIÓN
\nLa combinación perfecta entre los grandes beneficios del Aloe Vera junto con la hidratación que tu piel requiere que te brinda la vitamina E.
\n
\n
\nDESCRIPCIÓN CORTA
\nCápsulas para uso tópico con Aloe Vera + vitamina E, sentirás la hidratación que tu rostro necesita.
\n
\n
\nMODO DE USO
\nTópico. Abrir una perla cuidadosamente en la parte más delgada con unas tijeras y aplicar sobre el rostro el contenido de la perla 2 veces al día, en la mañana antes del bloqueador solar y en la noche después del skin care (Rutina de limpieza diaria).
\n
\n
\nCONTRAINDICACIONES
\nProducto cosmético, de uso tópico, no ingerir y mantener alejado de los niños.
\n
\n
\nSUMMARY
\nTodo el beneficio de la sábila junto con los beneficios de la vitamina E, en una sola perla. Porque tu piel merece lo mejor
\n
\n
\nBENEFICIOS
\nNutre, hidrata, antiage (Anti edad), protege y junto con la Vitamina E, repara tu dermis de los daños del sol. Uso tópico
\n
\n
\nREGISTRO INVIMA
\nNSOC09232-21CO
\n
\n
\nPRESENTACIÓN DEL PRODUCTO
\nFrasco transparente por 60 cápsulas (Perlas) de uso tópico. Se recomienda mantener en un lugar fresco, lejos de exposición al sol o rayos UV.
\n
\n
\nPROFUNDIDAD ITEM
\n11.0 cms
\n
\n
\nANCHO ITEM
\n5.8 cms
\n
\n
\nALTURA ITEM
\n11.0 cms
\n
\n
\n
\n
\n
\n
\n
\n&nbsp;
\n
\n
\n
\n&nbsp;
\n
\n&nbsp;
\n
\n
\nPorque tu salud merece lo mejor
\nQuizá también te interese: Aloe Vera + Coenzima Q10"
"Aloe Vera + Coenzima Q10 - x60","aloe-vera-coenzima-q10-x60","55400",,"100","","",,,,,,,"Cantidad: x60","","Frasco x 60 perlas "
"Oxigeno Liquido","oxigeno-liquido","0",,"100","","","SD 2011-0001754","No consumir en estado de Embarazo ni lactancia ni menores de 4 años.","Al tener minerales y aminoácidos está listo para ser el protector de tu sistema inmunológico","5.8 cms",,,"Cantidad: x60ML","","
\n
\n
\n  OXIGENO LIQUIDO NATURAL NUTRITION
\n
\n
\n
\nCon la fórmula del producto Oxígeno Líquido de Natural Nutrition podrás sentir beneficios por su composición con minerales y aminoácidos. Está indicado para mejorar de las vías respiratorias, digestivas, circulatorias.
\n
\n&nbsp;
\n
\n
\n
\nTAMAÑO (S)
\nFrasco x 60 ml
\n
\n
\nMETA DESCRIPCIÓN
\nOxigena tu cuerpo, sangre y células con éste maravilloso producto.
\n
\n
\nDESCRIPCIÓN CORTA
\nOxigena, revitaliza y protege tu cuerpo desde el sistema inmunológico.
\n
\n
\nMODO DE USO
\nSe recomienda el uso de 8 gotas directas 3 veces al día
\n
\n
\nCONTRAINDICACIONES
\nNo consumir en estado de Embarazo ni lactancia ni menores de 4 años.
\n
\n
\nSUMMARY
\nConsume 8 gotas 3 veces al día del producto de NATURAL NUTRITION y tu cuerpo te lo agradecerá.
\n
\n
\nBENEFICIOS
\nAl tener minerales y aminoácidos está listo para ser el protector de tu sistema inmunológico
\n
\n
\nREGISTRO INVIMA
\nSD 2011-0001754
\n
\n
\nPRESENTACIÓN DEL PRODUCTO
\nFrasco oscuro para evitar ser afectado por los rayos uv.
\n
\n
\nDIAMETRO
\n3.6  cm
\n
\n
\nANCHO ITEM
\n5.8 cms
\n
\n
\nALTURA ITEM
\n10 cms
\n
\n
\n
\n
\n
\n
\n
\n&nbsp;
\n
\n&nbsp;
\n
\n
\nPorque tu salud merece lo mejor
\n&nbsp;
\n
\nQuizá también te interese: Soy Lecithin
\n
\n&nbsp;"
"Oxigeno Liquido - x60ML","oxigeno-liquido-x60ml","80000",,"100","","",,,,,,,"Cantidad: x60ML","","FRASCO X 60 ML "
"Omega 3 Plus Vitamin E","omega-3-plus-vitamin-e","0",,"100","","","SD2018-0000101-R1","No consumir en estado de Embarazo ni lactancia ni menores de 12 años.","Ayuda a controlar niveles de colesterol, protege sistema cardiovascular.","5.8 cms",,"11.0 cms","Cantidad: x60, DUO","","EL OMEGA 3 + VITAMINA E DE NATURAL NUTRITION es un producto que ayuda a controlar los niveles de trigliceridos y colesterol ""malo"".
\n
\nDentro las propiedades más importantes del Omega 3 + Vitamina E se encuentran:
\n
\n 	Controlar el nivel de triglicéridos y colesterol en la sangre.
\n 	La Vitamina E es un Antioxidante natural que ayuda a combatir los radicales libres.
\n 	El Omega 3 ayuda a fortalecer la función cerebral y a su vez a prevenir problemas cardiovascular.
\n
\n&nbsp;
\n
\n
\n
\nTAMAÑO (S)
\nFrasco x 60 softgels y DUO
\n
\n
\nMETA DESCRIPCIÓN
\nMejora la los niveles de trigliceridos y colesterol con este producto.
\n
\n
\nDESCRIPCIÓN CORTA
\nEvita el aumento de trigliceridos y colesterol con un ácido graso natural el OMEGA 3 + VITAMINA E de NATURAL NUTRITION es para ti.
\n
\n
\nMODO DE USO
\nTomar tres softgels, una con cada comida.
\n
\n
\nCONTRAINDICACIONES
\nNo consumir en estado de Embarazo ni lactancia ni menores de 12 años.
\n
\n
\nSUMMARY
\nLos beneficios del Omega 3 junto con la Vitamina E, son perfectos para tu salud
\n
\n
\nBENEFICIOS
\nAyuda a controlar niveles de colesterol, protege sistema cardiovascular.
\n
\n
\nREGISTRO INVIMA
\nSD2018-0000101-R1
\n
\n
\nPRESENTACIÓN DEL PRODUCTO
\nFrasco oscuro para evitar ser afectado por los rayos uv.
\n
\n
\nPROFUNDIDAD ITEM
\n11.0 cms
\n
\n
\nANCHO ITEM
\n5.8 cms
\n
\n
\nALTURA ITEM
\n11.0 cms
\n
\n
\n
\n&nbsp;
\n
\n&nbsp;
\n
\n&nbsp;
\n
\n
\nPorque tu salud merece lo mejor
\n&nbsp;
\n
\nQuizá también te interese: Balanced BComplex"
"Omega 3 Plus Vitamin E - x60","omega-3-plus-vitamin-e-x60","31360",,"100","","",,,,,,,"Cantidad: x60","","Frasco x 60 cápsulas"
"Omega 3 Plus Vitamin E - DUO","omega-3-plus-vitamin-e-duo","57960",,"100","","",,,,,,,"Cantidad: DUO","","DUO"
"Cloruro de Magnesio + Colageno + Vitamina D3 - x60","cloruro-de-magnesio-colageno-vitamina-d3-x60","37408",,"100","","",,,,,,,"Cantidad: x60","",""
"Colageno Hidrolizado Premium X 473 ml","colageno-hidrolizado-premium-x-473-ml","0",,"100","","","SD2010-0001404","No consumir en estado de Embarazo, lactancia ni niños menores de 4 años.","Además de todos los grandes beneficios del colágeno, podrás ayudar a fortalecer el tejido conectivo de tu cuerpo.","5.8 cms",,"7 cms","Cantidad: x473ml","","El COLÁGENO PREMIUM HIDROLIZADO de NATURAL NUTRITION : Es un producto con un porcentaje muy alto de absorción del colágeno en tu cuerpo. La concentración es alta a tal punto que cada cucharada de 15 ml aporta 2.250 mg de colágeno hidrolizado.
\n
\nEl colágeno es una proteína muy abundante en nuestro cuerpo que con el tiempo disminuye y es la que aporta resistencia y elasticidad a nuestros tejidos.
\n
\n• Ayuda a mejorar la apariencia de la piel y mantener los cartílagos, articulaciones, tendones, ligamentos, huesos, piel, uñas y cabello.
\n• Mejora problemas de desgaste articular como artritis, artrosis, osteoartritis, osteoporosis entre otras.
\n• Ayuda a mantener la piel suave e hidratada disminuyendo las líneas finas de expression.
\n
\n&nbsp;
\n
\n
\n
\nTAMAÑO (S)
\nFrasco x 473 ml
\n
\n
\nMETA DESCRIPCIÓN
\nUna fórmula con una alta concentración y absorción de colágeno que sentirás los beneficios en tus tejidos y articulaciones.
\n
\n
\nDESCRIPCIÓN CORTA
\nSabias que desde los 25 años empiezas a perder colágeno natural, recupéralo con el COLÁGENO HIDROLIZADO de NATURAL NUTRITION.
\n
\n
\nMODO DE USO
\nTomar dos cucharadas al día después de comidas.
\n
\n
\nCONTRAINDICACIONES
\nNo consumir en estado de Embarazo, lactancia ni niños menores de 4 años.
\n
\n
\nSUMMARY
\nDesde los 25 años empezamos a perder colágeno natural de nuestro cuerpo, por ello, la solución de NATURAL NUTRITION es ideal para ayudar a volver a tener la elasticidad que sólo el colágeno nos brinda.
\n
\n
\nBENEFICIOS
\nAdemás de todos los grandes beneficios del colágeno, podrás ayudar a fortalecer el tejido conectivo de tu cuerpo.
\n
\n
\nREGISTRO INVIMA
\nSD2010-0001404
\n
\n
\nPRESENTACIÓN DEL PRODUCTO
\nFrasco oscuro para evitar ser afectado por los rayos uv, líquido.
\n
\n
\nPROFUNDIDAD ITEM
\n7 cms
\n
\n
\nANCHO ITEM
\n5.8 cms
\n
\n
\nALTURA ITEM
\n29 cms
\n
\n
\n
\n&nbsp;
\n
\n&nbsp;
\n
\n
\nPorque tu salud merece Lo Mejor
\n&nbsp;
\n
\nQuizá también te interese: Colageno + Biotina"
"Vitamina E 1000 UI Plus Zinc - frasco 90","vitamina-e-1000-ui-plus-zinc-frasco-90","77280",,"100","","",,,,,,,"Cantidad: frasco 90","",""
"Biotina 900 mcg + Zinc - 60","biotina-900-mcg-zinc-60","45100",,"100","","",,,,,,,"Cantidad: 60","",""
"Biotina 900 mcg + Zinc - 90","biotina-900-mcg-zinc-90","77300",,"100","","",,,,,,,"Cantidad: 90","",""
"Calcio Magnesio y Zinc + Vitamina D","calcio-magnesio-y-zinc-vitamina-d","0",,"100","","","SD2017-0000103-R1","No consumir en estado de Embarazo, lactancia ni niños menores de 12 años.","Mejora tu sistema inmunológico y óseo con estos minerales tan importantes, el Calcio, el Magnesio y el ZINC te fortaleceran desde las bases. Calcio Magnesio y Zinc + Vitamina D lo que tus huesos necesitan","5.8 cms",,"11.0 cms","Cantidad: x60, x100, 2x1 60 tabletas","","El magnesio es un mineral esencial que mejora los síntomas de inflamación de articulaciones, musculos y nos ayuda a regular la hormona del sueño. Por otro lado el Calcio es un mineral que ayuda a evitar la porosidad en los huesos, previene la osteoporosis y fortalece el sistema óseo en general. El Zinc es un mineral esencial que ayuda al sistema inmunológico a funcionar correctamente y junto con la Vitamina D que es un agente que nos ayuda a absorber los minerales, logramos tener una combinación perfecta en éste producto.
\n
\nPor ello el CALMAGZINC + VITMAINA D de NATURAL NUTRITION
\n
\n
\n
\nTAMAÑO (S)
\nFrasco x 60 tabletas
\n
\n
\nMETA DESCRIPCIÓN
\nEs un producto que brinda bienestar para tus huesos, Calcio, Magnesio y Zinc junto con Vitamina D
\n
\n
\nDESCRIPCIÓN CORTA
\nEs un producto que otorga bienestar para tus huesos, Calcio, Magnesio y Zinc junto con Vitamina D
\n
\n
\nMODO DE USO
\nTomar 2 tabletas diarias
\n
\n
\nCONTRAINDICACIONES
\nNo consumir en estado de Embarazo, lactancia ni niños menores de 12 años.
\n
\n
\nSUMMARY
\nEl cuerpo humano desde los 25 - 30 años, requiere un apoyo nutricional más elevado, ya que inicia la etapa de desgaste. Por ello, es importante suplementar tu alimentación con los minerales del CAL - MAG - ZINC + VITA D
\n
\n
\nBENEFICIOS
\nMejora tu sistema inmunológico y óseo con estos minerales tan importantes, el Calcio, el Magnesio y el ZINC te fortaleceran desde las bases. Calcio Magnesio y Zinc + Vitamina D lo que tus huesos necesitan
\n
\n
\nREGISTRO INVIMA
\nSD2017-0000103-R1
\n
\n
\nPRESENTACIÓN DEL PRODUCTO
\nFrasco oscuro para evitar ser afectado por los rayos uv.
\n
\n
\nPROFUNDIDAD ITEM
\n11.0 cms
\n
\n
\nANCHO ITEM
\n5.8 cms
\n
\n
\nALTURA ITEM
\n11.0 cms
\n
\n
\n
\n&nbsp;
\n
\n&nbsp;
\n
\n&nbsp;
\n
\n&nbsp;
\n
\n
\nPorque tu salud merece lo mejor.
\n&nbsp;
\n
\nQuizá también te interese: Betacarotene"
"Calcio Magnesio y Zinc + Vitamina D - x100","calcio-magnesio-y-zinc-vitamina-d-x100","57500",,"100","","",,,,,,,"Cantidad: x100","","Frasco por X 100 tabletas
\n"
"Balanced B-Complex","balanced-b-complex","0",,"100","","","SD2017-0000098-R1","No consumir en estado de Embarazo y lactancia, Ni niños menores 12 años.","• Mejora la función del sistema nervioso.
\n• Aumenta la producción de energía.
\n• Reduce los niveles de estrés.
\n• Disminuye la fatiga muscular.","5.8 cms",,"11.0 cms","Cantidad: x 60, x 100, DUO","","El Balanced - B Complex es el conjunto de vitaminas del complejo B, que ayudan a aumentar la resistencias de los músculos, coayuda a tu cuerpo en la generación de energia y a disminuir el cansancio físico y mental. Contiene todas las vitaminas del complejo B, desde la B1 hasta la B12, además contiene paba, colina e inositol que son nutrientes esenciales para el desarrollo cognitivo relacionado a la recuperación de memoria de corto, mediano y largo plazo.
\n
\nDentro de sus principales beneficios encontramos.
\n
\n• Mejora la función del sistema nervioso.
\n• Aumenta la producción de energía.
\n• Reduce los niveles de estrés.
\n• Disminuye la fatiga muscular.
\n
\n&nbsp;
\n
\n
\n
\nTAMAÑO (S)
\nFrasco x 100 tabletas
\n
\n
\nMETA DESCRIPCIÓN
\nDisminuye el cansancio fisico y mental gracias al B Complex.
\n
\n
\nDESCRIPCIÓN CORTA
\nEl complejo B como adición a tu dieta a mejorar las funciones del organismo
\n
\n
\nMODO DE USO
\nTomar una tableta diaria en la mañana.
\n
\n
\nCONTRAINDICACIONES
\nNo consumir en estado de Embarazo y lactancia, Ni niños menores 12 años.
\n
\n
\nSUMMARY
\nSabías que no podemos producir todas vitaminas del compejo B por ello, el Balance B complex las complementa.
\n
\n
\nBENEFICIOS
\n• Mejora la función del sistema nervioso.
\n• Aumenta la producción de energía.
\n• Reduce los niveles de estrés.
\n• Disminuye la fatiga muscular.
\n
\n
\nREGISTRO INVIMA
\nSD2017-0000098-R1
\n
\n
\nPRESENTACIÓN DEL PRODUCTO
\nFrasco oscuro para evitar ser afectado por los rayos uv.
\n
\n
\nPROFUNDIDAD ITEM
\n11.0 cms
\n
\n
\nANCHO ITEM
\n5.8 cms
\n
\n
\nALTURA ITEM
\n11.0 cms
\n
\n
\n
\nQuizá te interese también: Multivitamin 
\n
\n&nbsp;
\n
\n
\nPorque tu salud merece lo mejor"
"Multivitamin With Minerals Premium - blister x 30","multivitamin-with-minerals-premium-blister-x-30","25800",,"100","","",,,,,,,"Cantidad: blister x 30","","blister x 30"
"Te Verde Natural Nutrition (20 bolsas de Te Verde)","te-verde-natural-nutrition-20-bolsas-de-te-verde","0",,"100","","",,,,,,,"Cantidad: 20 Bolsas","","El Te Verde de Natural Nutrition son hojas maduras no oxidadas, secas y molidas de Camelia sinensis es rico en minerales, ayuda a reducir el estrés, es uno de los té con más antioxidantes del mercado, adicional estimula el sistema inmune y adicional el te verde estimula el metabolismo y ayuda a adelgazar.
\n
\n&nbsp;
\n
\n&nbsp;
\n
\n  
\n
\n&nbsp;
\n
\nQuizá también te interese: Multivitamínico en polvo para niños."
"Te Verde Natural Nutrition (20 bolsas de Te Verde) - 800g","te-verde-natural-nutrition-20-bolsas-de-te-verde-800g","30000",,"100","","",,,,,,,"Cantidad: 800g","","Pote por 800 gramos"
"Te Rojo Natural Nutrition (20 bolsas de Te Rojo)","te-rojo-natural-nutrition-20-bolsas-de-te-rojo","0",,"100","","",,,,,,,"Cantidad: 20 Bolsas","","El Te Rojo de Natural Nutrition son hojas maduras  oxidadas(expuestas al sol x 60 dias) secas y molidas de Camelia sinensis, dentro de sus grandes beneficios se encuentran:
\n
\n 	Se utiliza en dietas depurativas y para bajar de peso.
\n 	Es antioxidante y digestivo.
\n 	Potencia el sistema inmune.
\n 	Levanta el estado de ánimo.
\n
\n&nbsp;
\n
\n&nbsp;
\n
\n   
\n
\n&nbsp;
\n
\nQuizá también te interese: Multivitamínico en polvo para niños."
"Te Rojo Natural Nutrition (20 bolsas de Te Rojo) - 800g","te-rojo-natural-nutrition-20-bolsas-de-te-rojo-800g","30000",,"100","","",,,,,,,"Cantidad: 800g","","Pote por 800 gramos"
"Te Negro Natural Nutrition (20 bolsas de Te Negro) - 800g","te-negro-natural-nutrition-20-bolsas-de-te-negro-800g","30000",,"100","","",,,,,,,"Cantidad: 800g","","Pote por 800 gramos"
"Te Azul Natural Nutrition (20 bolsas de Te Azul)","te-azul-natural-nutrition-20-bolsas-de-te-azul","0",,"100","","",,,,,,,"Cantidad: 20 Bolsas","","El Te Azul de Natural Nutrition son hojas semimaduras con un grado de oxidación media (Expuestas al sol x 30 dias) secas y molidas de Camelia sinensis, dentro de sus principales beneficios encontramos:
\n
\n 	Mejora el metabolismo
\n 	Ayuda a adelgazar.
\n 	Es un antioxidante.
\n 	Mejora la digestión.
\n
\n&nbsp;
\n
\n  
\n
\n&nbsp;
\n
\nQuizá también te interese: Multivitamínico en polvo para niños."
"Te Azul Natural Nutrition (20 bolsas de Te Azul) - 800g","te-azul-natural-nutrition-20-bolsas-de-te-azul-800g","30000",,"100","","",,,,,,,"Cantidad: 800g","","Pote por 800 gramos"
"Te Blanco Natural Nutrition (20 bolsas de Te Blanco)","te-blanco-natural-nutrition-20-bolsas-de-te-blanco","0",,"100","","",,,,,,,"Cantidad: 20 Bolsas","","El Te Blanco de Natural Nutrition son hojas jóvenes no oxidadas, secas y molidas de Camelia sinensis, dentro de sus principales beneficios encontramos:
\n
\n 	Es uno de los tés más rico en antioxidantes.
\n 	Ayuda a mantener la line ,bajar peso.
\n 	Mejora la circulación sanguines.
\n
\n 
\n
\n&nbsp;
\n
\nQuizá también te interese: Multivitamínico en polvo para niños."
"Te Blanco Natural Nutrition (20 bolsas de Te Blanco) - 800g","te-blanco-natural-nutrition-20-bolsas-de-te-blanco-800g","30000",,"100","","",,,,,,,"Cantidad: 800g","","Pote por 800 gramos"
"Te Amarillo Natural Nutrition (20 bolsas de Te Amarillo)","te-amarillo-natural-nutrition-20-bolsas-de-te-amarillo","0",,"100","","",,,,,,,"Cantidad: 20 Sobres","","El Te Amarillo de Natural Nutrition son hojas de edad media fermentadas con calor seco y  molidas de Camelia sinensis, dentro de sus principales beneficios encontramos:
\n
\n 	Aumentará tu capacidad de concentración.
\n 	Contrarrestarás la aparición de caries por el elevado contenido en flúor.
\n 	Es antioxidante
\n
\n  
\n
\n&nbsp;
\n
\nQuizá también te interese: Multivitamínico en polvo para niños."
"Te Amarillo Natural Nutrition (20 bolsas de Te Amarillo) - 20 Sobres","te-amarillo-natural-nutrition-20-bolsas-de-te-amarillo-20-sobres","30500",,"100","","",,,,,,,"Cantidad: 20 Sobres","",""
"Korean Ginseng - (Panax Ginseng) 100 mg - x60","korean-ginseng-panax-ginseng-100-mg-x60","51500",,"100","","",,,,,,,"Cantidad: x60","",""
"Ginkgo Biloba","ginkgo-biloba","0",,"100","","","PFT2016-0002521","No consumir en estado de Embarazo, lactancia, ni personas hipertensas, personas con marcapasos, ni con prescripciones de tensión arterial alta.","Mejora la circulación de sangre y ayuda a que llegue más rápido a tu cerebro y a todo tu cuerpo.","5.8 cms",,"11.0 cms","Cantidad: x60, x90","","El Ginkgo Biloba de Natural Nutrition es un producto que ayuda a mejorar la circulación, permitiendo la buena oxigenación cerebral y ayudando a mejorar los sintomas de enfermedades cardíacas.
\n
\nDentro de los principales beneficios están:
\n
\n• Mejora la circulación.
\n• Actúa sobre la memoria y la capacidad de concentración.
\n• Mejora los sintomas de enfermedades cardíacas.
\n
\n&nbsp;
\n
\n
\n
\nTAMAÑO (S)
\nFrasco x 60  o 90cápsulas blandas (Softgels).
\n
\n
\nMETA DESCRIPCIÓN
\nMejora el flujo sanguíneo y la concentración naturalmente con el Ginkgo Biloba de Natural Nutrition.
\n
\n
\nDESCRIPCIÓN CORTA
\nMejora tu concentración y circulación con esta planta milenaria.
\n
\n
\nMODO DE USO
\nTomar 1 capsula diaria, preferiblemente antes de las 2 pm.
\n
\n
\nCONTRAINDICACIONES
\nNo consumir en estado de Embarazo, lactancia, ni personas hipertensas, personas con marcapasos, ni con prescripciones de tensión arterial alta.
\n
\n
\nSUMMARY
\nActivador de energía, al mejorar la circulación
\n
\n
\nBENEFICIOS
\nMejora la circulación de sangre y ayuda a que llegue más rápido a tu cerebro y a todo tu cuerpo.
\n
\n
\nREGISTRO INVIMA
\nPFT2016-0002521
\n
\n
\nPRESENTACIÓN DEL PRODUCTO
\nFrasco oscuro para evitar ser afectado por los rayos uv.
\n
\n
\nPROFUNDIDAD ITEM
\n11.0 cms
\n
\n
\nANCHO ITEM
\n5.8 cms
\n
\n
\nALTURA ITEM
\n11.0 cms
\n
\n
\n
\n
\n
\n
\n
\n&nbsp;
\n
\n&nbsp;
\n
\n&nbsp;
\n
\n&nbsp;
\n
\n
\nPorque tu salud merece lo mejor.
\nQuizá también te interese: Korean Ginseng"
"Ginkgo Biloba - x60","ginkgo-biloba-x60","50200",,"100","","",,,,,,,"Cantidad: x60","","Frasco por 60 softgels"
"Ginkgo Biloba - x90","ginkgo-biloba-x90","66900",,"100","","",,,,,,,"Cantidad: x90","","Frasco por 90 softgels"
"Aloe Vera + Vitamina E - x60","aloe-vera-vitamina-e-x60","53500",,"100","","",,,,,,,"Cantidad: x60","","Frasco x 60 perlas "
"Aloe Vera + Coenzima Q10","aloe-vera-coenzima-q10","0",,"100","","","NSOC8326-17CO","PRODUCTO COSMÉTICO DE USO TÓPICO, NO INGERIR, MANTENER ALEJADO DE NIÑOS.","Antioxidante, hidrata y protege tu piel.","5.8 cms",,"11.0 cms","Cantidad: x60","","EL ALOE VERA + COENZIMA Q10 de NATURAL NUTRITION es una fórmula tópica antioxidante y humectante.
\n
\nYa es conocido que el Aloe Vera es uno de los mejores humectantes de la naturaleza, por siglos ha sido usado como agente curativo en el alivio de las molestias tópicas e irritaciones y en combinación con la coenzima Q10 antioxidante natural, crean grandes beneficios en todas las capas de tu piel desde el interior de hacia el exterior.
\n
\n• Mejora la apariencia de la piel y la rejuvenece.
\n• Humecta, nutre y actúa sobre pieles maltratadas.
\n• Antioxidante natural.
\n
\n&nbsp;
\n
\n
\n
\nTAMAÑO (S)
\nFrasco x 60 cápsulas (perlas) de uso tópicas.
\n
\n
\nMETA DESCRIPCIÓN
\nRejuvenece tu rostro con la combinación de ALOE VERA + Coenzima Q10 de NATURAL NUTRITION
\n
\n
\nDESCRIPCIÓN CORTA
\nLas perlas anti-age (antiedad) de ALOE VERA + COENZIMA Q10 son un hidratante para la piel de tu rostro.
\n
\n
\nMODO DE USO
\nTópico. Abrir una perla cuidadosamente en la parte más delgada con unas tijeras y aplicar sobre el rostro el contenido de la perla 1 vez al día en la noche.
\n
\n
\nCONTRAINDICACIONES
\nPRODUCTO COSMÉTICO DE USO TÓPICO, NO INGERIR, MANTENER ALEJADO DE NIÑOS.
\n
\n
\nSUMMARY
\nLa coenzima Q10 genera una capa humectante y protectora para el cuidado de tu piel.
\n
\n
\nBENEFICIOS
\nAntioxidante, hidrata y protege tu piel.
\n
\n
\nREGISTRO INVIMA
\nNSOC8326-17CO
\n
\n
\nPRESENTACIÓN DEL PRODUCTO
\nFrasco transparente por 60 cápsulas (Perlas) de uso tópico. Se recomienda mantener en un lugar fresco, lejos de exposición al sol o rayos UV.
\n
\n
\nPROFUNDIDAD ITEM
\n11.0 cms
\n
\n
\nANCHO ITEM
\n5.8 cms
\n
\n
\nALTURA ITEM
\n11.0 cms
\n
\n
\n
\n
\n
\n
\n
\n&nbsp;
\n
\nFotos
\n
\n 
\n
\n&nbsp;
\n
\n
\nPorque tu salud merece lo mejor.
\nTal vez te interese también: Aloe Vera + Vitamina E
\n
\n&nbsp;
\n
\n&nbsp;"
"Calostro Bovino","calostro-bovino","0",,"100","","","SD2017-0004009","No consumir en estado de Embarazo, lactancia ni menores de 4 años.","Calostro Bovino de Natural Nutrition, ideal para mejorar el sistema inmunológico.","5.8 cms",,"11.0 cms","Cantidad: x60","","El factor de transferencia conocido también como Calostro Bovino de NATURAL NUTRITION se considera un suplemento importante para fortalecer el sistema inmunológico del cuerpo humano, siendo la leche que sólo se produce en el primer mes de nacido el ternero, contiene muchas sustancias bioactivas que no están presentes en la lactancia posterior.
\n
\nDentro de los principales beneficios del Calostro Bovino de Natural Nutrition, encontramos:
\n
\n• Refuerza el sistema inmunológico.
\n• Fortalece la flora intestinal.
\n• Protege de infecciones.
\n
\n&nbsp;
\n
\n
\n
\nTAMAÑO (S)
\nFrasco x 60 cápsulas blandas (softgels)
\n
\n
\nMETA DESCRIPCIÓN
\nProducto para reforzar el sistema inmunológico.
\n
\n
\nDESCRIPCIÓN CORTA
\nFortalece el sistema inmunológico protegiendo tu cuerpo y mejorando los sistomas de gripes, resfriados y mucho más, prueba ahora el Calostro Bovino de Natural Nutrition.
\n
\n
\nMODO DE USO
\nTomar dos capsulas blandas diarias, preferiblemente una en la mañana y otra en la noche.
\n
\n
\nCONTRAINDICACIONES
\nNo consumir en estado de Embarazo, lactancia ni menores de 4 años.
\n
\n
\nSUMMARY
\nFactores de transferencia que fortalecen el sistema inmunológico para revitalizar desde el interior de tu cuerpo
\n
\n
\nBENEFICIOS
\nCalostro Bovino de Natural Nutrition, ideal para mejorar el sistema inmunológico.
\n
\n
\nREGISTRO INVIMA
\nSD2017-0004009
\n
\n
\nPRESENTACIÓN DEL PRODUCTO
\nFrasco oscuro para evitar ser afectado por los rayos uv.
\n
\n
\nPROFUNDIDAD ITEM
\n11.0 cms
\n
\n
\nANCHO ITEM
\n5.8 cms
\n
\n
\nALTURA ITEM
\n11.0 cms
\n
\n
\n
\n
\n
\n
\n
\n&nbsp;
\n
\n&nbsp;
\n
\nFotos Calostro Bovino
\n
\n&nbsp;
\n
\n 
\n
\n&nbsp;
\n
\n&nbsp;
\n
\n
\nPorque tu salud merece lo mejor.
\n&nbsp;
\n
\nQuizá también te interese: Cal Mag Zinc"
"Vitagomitas For Kids","vitagomitas-for-kids","0",,"100","","","SD2017-0000137-R1","No consumir en estado de Embarazo ni lactancia","Tejidos, desarrollo muscular, dientes fuertes y huesos sanos.","5.8 cms",,"11.0 cms","Cantidad: x60, x90, x120","","LAS VITAGOMITAS DE NATURAL NUTRITION es un producto 100% natural ideal para complementar la nutrición de los niños aportando las vitaminas necesarias para el adecuado crecimiento y desarrollo.
\n
\nDentro las propiedades más importantes de las Vitagomitas se encuentran:
\n
\n 	Aporta las vitaminas necesarias para el adecuado crecimiento y desarrollo de los niños.
\n 	Complementa la dieta aportando nutrientes necesarios en niños inapetentes.
\n
\n&nbsp;
\n
\n&nbsp;
\n
\n
\n
\nTAMAÑO (S)
\nFrasco X 60 gomitas
\n
\n
\nMETA DESCRIPCIÓN
\nComplementa la nutrición del más consentido de la casa, con estas vitagomitas a los niños les encantará mientras se nutren de manera adecuada
\n
\n
\nDESCRIPCIÓN CORTA
\nDeliciosas gomitas para complementar la alimentación de los niños. VITAGOMITAS de NATURAL NUTRITION es para ti.
\n
\n
\nMODO DE USO
\nConsumir 3 gomitas al día
\n
\n
\nCONTRAINDICACIONES
\nNo consumir en estado de Embarazo ni lactancia
\n
\n
\nSUMMARY
\nGomitas cargadas con las vitaminas necesarias para complementar su dieta aportando nutrientes.
\n
\n
\nBENEFICIOS
\nTejidos, desarrollo muscular, dientes fuertes y huesos sanos.
\n
\n
\nREGISTRO INVIMA
\nSD2017-0000137-R1
\n
\n
\nPRESENTACIÓN DEL PRODUCTO
\nFrasco transparente con gomitas, no dejar expuesto a temperaturas altas o muy bajas.
\n
\n
\nPROFUNDIDAD ITEM
\n11.0 cms
\n
\n
\nANCHO ITEM
\n5.8 cms
\n
\n
\nALTURA ITEM
\n11.0 cms
\n
\n
\n
\nFotos de Vitagomitas
\n
\n&nbsp;
\n
\n 
\n
\n&nbsp;
\n
\n&nbsp;
\n
\n
\nPorque tu salud merece lo mejor."
"Cloruro de Magnesio + Colageno + Vitamina D3","cloruro-de-magnesio-colageno-vitamina-d3","0",,"100","","","SD2021-0004617","No consumir en estado de Embarazo, lactancia ni menores de 12 años.","Mejora el estado de articulaciones, tendones, cartílagos, huesos, piel.","5.8 cms",,"11.0 cms","Cantidad: x60, x90, x120","","El Cloruro de Magnesio + Colágeno + Vitamina D3 de Natural Nutrition te brinda lo mejor de tres grandes productos.
\n
\nEl Cloruro de Magnesio es un mineral que contribuye al buen funcionamiento de nuestro cuerpo gracias a las cualidades que contiene:
\n
\nEl Colágeno Hidrolizado es el mejor aliado para fortalecer las articulaciones, músculos, hueso, uñas, cabello, tejidos del cuerpo humano y en especial prevenir el envejecimiento y mejorar la elasticidad de la piel.
\n
\nVitamina D3 : Es esencial para tener huesos fuertes, mejorar la abosrción del calcio y el colágeno.
\n
\nCon este producto podrás:
\n
\n• Fortalece articulaciones y mejora los síntomas de enfermedades como artritis y artrosis.
\n• Ayuda a fortalecer los huesos.
\n• Ayuda a fortalecer tejidos y tendones.
\n
\n&nbsp;
\n
\n
\n
\nTAMAÑO (S)
\nFrasco x 60 cápsulas
\n
\n
\nMETA DESCRIPCIÓN
\nMejora las articulaciones, tejidos, huesos y piel, con este excelente producto de Natural Nutrition
\n
\n
\nDESCRIPCIÓN CORTA
\nMejora las articulaciones, tejidos, huesos y piel, con este excelente producto de Natural Nutrition
\n
\n
\nMODO DE USO
\nTomar dos capsulas al día, preferiblemente después de los alimentos.
\n
\n
\nCONTRAINDICACIONES
\nNo consumir en estado de Embarazo, lactancia ni menores de 12 años.
\n
\n
\nSUMMARY
\nMuchos son los beneficios que tiene el CLORURO DE MAGNESIO de NATURAL NUTRITION, gracias a su combinación con colágeno y vitamina D3
\n
\n
\nBENEFICIOS
\nMejora el estado de articulaciones, tendones, cartílagos, huesos, piel.
\n
\n
\nREGISTRO INVIMA
\nSD2021-0004617
\n
\n
\nPRESENTACIÓN DEL PRODUCTO
\nFrasco oscuro para evitar ser afectado por los rayos uv.
\n
\n
\nPROFUNDIDAD ITEM
\n11.0 cms
\n
\n
\nANCHO ITEM
\n5.8 cms
\n
\n
\nALTURA ITEM
\n11.0 cms
\n
\n
\n
\n
\n
\n
\n
\n&nbsp;
\n
\n
\nPorque tu salud merece lo mejor.
\n&nbsp;"
"Colageno Hidrolizado Premium X 473 ml - x473ml","colageno-hidrolizado-premium-x-473-ml-x473ml","103000",,"100","","",,,,,,,"Cantidad: x473ml","",""
"Betacarotene ""Vitamina A 5.000 IU""","betacarotene-vitamina-a-5-000-iu","0",,"100","","Betacarotene, Natural Nutrition, productos naturales., Vitamina A","SD2018-0000100-R1","No consumir en estado de Embarazo y lactancia, ni niños menores de 12 años.","Los ojos, tu piel y tu cuerpo te agradecerán el uso de este producto","5.8 cms",,"11.0 cms","Cantidad: x100","","EL BETACAROTENE VITAMINA A 5.000 IU DE NATURAL NUTRITION es un producto 100% natural ideal para fortalecer la vista, y es un excelente antioxidante que te ayudan a mantener tu cutis sano, adicionalmente es un producto que estimula la melanina y te ayuda a tener un buen bronceado de forma natural.
\n
\nDentro de las propiedades más importantes del Betacarotene se encuentran:
\n
\n• Excelente antioxidante natural para tu salud enfocado en la vista y la dermis.
\n• Fundamental para la buena salud de la vista. Ayuda a evitar las afecciones visuales.
\n• Ayuda al mantenimiento del cutis, previniendo resequedades.
\n
\n
\n
\nTAMAÑO (S)
\nFrasco X 100 softgels
\n
\n
\nMETA DESCRIPCIÓN
\nAntioxidante natural.
\n
\n
\nDESCRIPCIÓN CORTA
\nVitamina A, Antioxidante natural, protege células.
\n
\n
\nMODO DE USO
\nTomar 1 capsula diaria, ideal en la mañana.
\n
\n
\nCONTRAINDICACIONES
\nNo consumir en estado de Embarazo y lactancia, ni niños menores de 12 años.
\n
\n
\nSUMMARY
\nLa salud de la vista es tan importante como cualquiera de nuestros sentidos, por ello es tan importante la Vitamina A y su aporte a nuestro organismo.
\n
\n
\nBENEFICIOS
\nLos ojos, tu piel y tu cuerpo te agradecerán el uso de este producto
\n
\n
\nREGISTRO INVIMA
\nSD2018-0000100-R1
\n
\n
\nPRESENTACIÓN DEL PRODUCTO
\nFrasco oscuro para evitar ser afectado por los rayos uv.
\n
\n
\nPROFUNDIDAD ITEM
\n11.0 cms
\n
\n
\nANCHO ITEM
\n5.8 cms
\n
\n
\nALTURA ITEM
\n11.0 cms
\n
\n
\n
\n&nbsp;
\n
\n
\n
\n&nbsp;
\n
\n
\nPorque tu salud merece lo mejor.
\n&nbsp;
\n
\nQuizá también te interese: Calcio, Magnesio + Zinc"
"Betacarotene ""Vitamina A 5.000 IU"" - x100","betacarotene-vitamina-a-5-000-iu-x100","38650",,"100","","",,,,,,,"Cantidad: x100","","Frasco X 100 softgels"
"Lecitina de Soya - Soy Lecithin 1200mg","lecitina-de-soya-soy-lecithin-1200mg","0",,"100","","","SD2017-0000099-R1","No consumir en estado de Embarazo, lactancia ni niños menores de 12 años.","Sistema nervioso central, ayudar a mejorar la memoría, ayudar a nivelar trigliceridos y colesterol","5.8 cms",,"11.0 cms","Cantidad: x60, DUO","","LA LECITINA DE SOYA O SOY LECITHIN es un compuesto activo ideal para quemar grasa.
\n
\nDentro las propiedades más importantes de la lecitina de soya o Soy Lecithin se encuentran:
\n
\n• Disminuye los niveles de colesterol por su poder emulsionante de las grasas trans.
\n• Quemador de grasa natural.
\n
\n&nbsp;
\n
\n
\n
\nTAMAÑO (S)
\nFrasco x 60 cápsulas duras
\n
\n
\nMETA DESCRIPCIÓN
\nLecithin es un quemador de grasa natural, es una fórmula ideal para controlar el colesterol.
\n
\n
\nDESCRIPCIÓN CORTA
\nDe los mejores quemadores de grasa natural es Soy Lecithin de Natural Nutrition y siente como tu cuerpo mejora el nivel de colesterol.
\n
\n
\nMODO DE USO
\nTomar 3 capsulas diarias.
\n
\n
\nCONTRAINDICACIONES
\nNo consumir en estado de Embarazo, lactancia ni niños menores de 12 años.
\n
\n
\nSUMMARY
\nLa lecitina quemador de grasa natural, mejora tu sistema nervioso y la memoría se verán beneficiados por el consumo regular de éste producto.
\n
\n
\nBENEFICIOS
\nSistema nervioso central, ayudar a mejorar la memoría, ayudar a nivelar trigliceridos y colesterol
\n
\n
\nREGISTRO INVIMA
\nSD2017-0000099-R1
\n
\n
\nPRESENTACIÓN DEL PRODUCTO
\nFrasco oscuro para evitar ser afectado por los rayos uv.
\n
\n
\nPROFUNDIDAD ITEM
\n11.0 cms
\n
\n
\nANCHO ITEM
\n5.8 cms
\n
\n
\nALTURA ITEM
\n11.0 cms
\n
\n
\n
\n&nbsp;
\n
\n
\nPorque tu salud merece lo mejor
\n&nbsp;
\n
\nQuizá también te interese: Ginkgo Biloba"
"Lecitina de Soya - Soy Lecithin 1200mg - DUO","lecitina-de-soya-soy-lecithin-1200mg-duo","88000",,"100","","",,,,,,,"Cantidad: DUO","","2 Frascos "
"Calcio Magnesio y Zinc + Vitamina D - 2x1 60 tabletas","calcio-magnesio-y-zinc-vitamina-d-2x1-60-tabletas","57500",,"100","","",,,,,,,"Cantidad: 2x1 60 tabletas","","2 Frascos "
"Calcio Magnesio y Zinc + Vitamina D - x60","calcio-magnesio-y-zinc-vitamina-d-x60","34500",,"100","","",,,,,,,"Cantidad: x60","","Frasco por X 60 tabletas
\n"
"Balanced B-Complex - x 100","balanced-b-complex-x-100","45000",,"100","","",,,,,,,"Cantidad: x 100","","Frasco por X 100 tabletas"
"Multivitamin With Minerals Premium - x 90","multivitamin-with-minerals-premium-x-90","77280",,"100","","",,,,,,,"Cantidad: x 90","","Frasco por x90softgels
\n"
"Te Negro Natural Nutrition (20 bolsas de Te Negro)","te-negro-natural-nutrition-20-bolsas-de-te-negro","0",,"100","","",,,,,,,"Cantidad: 20 bolsas","","El Te Negro de Natural Nutrition son hojas maduras  oxidadas (expuestas al sol x varios años) secas y molidas de Camelia sinensis. Dentro de sus principales beneficios encontrarás:
\n
\n 	Ayuda al estado de alerta mental.
\n 	Mejora la circulación sanguínea y tiene numerosos beneficios para el corazón.
\n 	Defiende de infecciones como la gripe.
\n 	Favorece la concentración.
\n 	Estimula el sistema inmunológico.
\n 	Evita el envejecimiento prematuro de la piel.
\n 	Estimula el metabolismo.
\n
\n&nbsp;
\n
\n&nbsp;
\n
\n   
\n
\n&nbsp;
\n
\nQuizá también te interese: Multivitamínico en polvo para niños."